Designator,Mid X,Mid Y,Rotation,Layer
A1,211.058125,-95.72625,90.0,top
C1,260.746875,-96.36125,0.0,bottom
C10,181.371875,-123.285,180.0,top
C11,200.421875,-123.285,180.0,top
C12,219.471875,-123.285,180.0,top
C13,238.521875,-123.285,180.0,top
C14,267.096875,-123.285,180.0,top
C15,286.146875,-123.285,180.0,top
C16,305.196875,-123.285,180.0,top
C17,324.246875,-123.285,180.0,top
C18,352.821875,-123.285,180.0,top
C19,67.071875,-147.0975,180.0,top
C2,194.833125,-82.80375,180.0,top
C20,86.121875,-147.0975,180.0,top
C21,105.171875,-147.0975,180.0,top
C22,124.221875,-147.0975,180.0,top
C23,143.271875,-147.0975,180.0,top
C24,162.321875,-147.0975,180.0,top
C25,181.371875,-147.0975,180.0,top
C26,200.421875,-147.0975,180.0,top
C27,219.471875,-147.0975,180.0,top
C28,238.521875,-147.0975,180.0,top
C29,257.571875,-147.0975,180.0,top
C3,194.833125,-79.6925,180.0,top
C30,276.621875,-147.141874,180.0,top
C31,74.215625,-94.71,180.0,top
C32,62.309375,-94.71,180.0,top
C33,295.671875,-147.0975,180.0,top
C34,324.246875,-147.0975,180.0,top
C35,352.821875,-147.0975,180.0,top
C36,71.834375,-166.1475,180.0,top
C37,95.646875,-166.1475,180.0,top
C38,114.696875,-166.1475,180.0,top
C39,133.746875,-166.1475,180.0,top
C4,67.071875,-123.285,180.0,top
C40,152.796875,-166.1475,180.0,top
C41,171.846875,-166.1475,180.0,top
C42,190.896875,-166.1475,180.0,top
C43,209.946875,-166.1475,180.0,top
C44,228.996875,-166.1475,180.0,top
C45,248.046875,-166.1475,180.0,top
C46,267.096875,-166.1475,180.0,top
C47,286.146875,-166.1475,180.0,top
C48,305.196875,-166.1475,180.0,top
C49,329.009375,-166.1475,180.0,top
C5,67.071875,-127.3175,180.0,bottom
C50,352.821875,-166.1475,180.0,top
C51,74.215625,-185.1975,180.0,top
C52,100.409375,-185.34875,180.0,top
C53,119.459375,-185.1975,180.0,top
C54,138.509375,-185.1975,180.0,top
C55,157.559375,-185.1975,180.0,top
C56,176.609375,-185.1975,180.0,top
C57,195.659375,-185.1975,180.0,top
C58,214.709375,-185.1975,180.0,top
C59,233.759375,-185.1975,180.0,top
C6,95.646875,-123.285,180.0,top
C60,252.809375,-185.1975,180.0,top
C61,271.859375,-185.1975,180.0,top
C62,290.909375,-185.1975,180.0,top
C63,321.865625,-185.1975,180.0,top
C64,352.821875,-185.1975,180.0,top
C65,78.978125,-204.2475,180.0,top
C66,109.934375,-204.2475,180.0,top
C67,128.984375,-204.2475,180.0,top
C68,148.034375,-204.2475,180.0,top
C69,167.084375,-204.2475,180.0,top
C7,114.696875,-123.285,180.0,top
C70,186.134375,-204.2475,180.0,top
C71,205.184375,-204.2475,180.0,top
C72,224.234375,-204.2475,180.0,top
C73,243.284375,-204.2475,180.0,top
C74,262.334375,-204.2475,180.0,top
C75,281.384375,-204.2475,180.0,top
C76,307.578125,-204.2475,180.0,top
C77,333.771875,-204.2475,180.0,top
C78,352.821875,-204.2475,180.0,top
C79,69.453125,-223.2975,180.0,top
C8,133.746875,-123.285,180.0,top
C80,93.265625,-223.2975,180.0,top
C81,117.078125,-223.2975,180.0,top
C82,188.515625,-223.2975,180.0,top
C83,259.953125,-223.2975,180.0,top
C84,283.765625,-223.2975,180.0,top
C85,314.721875,-223.2975,180.0,top
C86,333.771875,-223.2975,180.0,top
C87,352.821875,-223.2975,180.0,top
C88,86.121875,-94.71,180.0,top
C89,98.028125,-94.71,180.0,top
C9,152.796875,-123.285,180.0,top
C90,109.934375,-94.71,180.0,top
C91,121.840625,-94.71,180.0,top
C92,133.746875,-94.71,180.0,top
C93,145.653125,-94.71,180.0,top
C94,157.559375,-94.71,180.0,top
C95,290.690626,-94.71,180.0,top
D1,76.596875,-114.45875,90.0,bottom
D10,276.621875,-114.45875,90.0,bottom
D100,143.271874,-144.089092,180.0,top
D101,162.321874,-144.089092,180.0,top
D102,181.371874,-144.089092,180.0,top
D103,200.421874,-144.089092,180.0,top
D104,219.471874,-144.089092,180.0,top
D105,238.521874,-144.089092,180.0,top
D106,257.571874,-144.089092,180.0,top
D107,276.621874,-144.089092,180.0,top
D108,295.671874,-144.089092,180.0,top
D109,324.028125,-144.089092,180.0,top
D11,295.671875,-114.45875,90.0,bottom
D110,352.821874,-144.089092,180.0,top
D111,71.834374,-163.139092,180.0,top
D112,95.646874,-163.139092,180.0,top
D113,114.696874,-163.139092,180.0,top
D114,133.746874,-163.139092,180.0,top
D115,152.796874,-163.139092,180.0,top
D116,171.846874,-163.139092,180.0,top
D117,190.896874,-163.139092,180.0,top
D118,209.946874,-163.139092,180.0,top
D119,228.778125,-163.139092,180.0,top
D12,314.721875,-114.45875,90.0,bottom
D120,248.046874,-163.139092,180.0,top
D121,267.096874,-163.139092,180.0,top
D122,286.146874,-163.139092,180.0,top
D123,305.196874,-163.139092,180.0,top
D124,329.009374,-163.139092,180.0,top
D125,352.821874,-163.139092,180.0,top
D126,74.215624,-182.189092,180.0,top
D127,100.409374,-182.189092,180.0,top
D128,119.459374,-182.189092,180.0,top
D129,138.509374,-182.189092,180.0,top
D13,333.771875,-114.45875,90.0,bottom
D130,157.559374,-182.189092,180.0,top
D131,176.609374,-182.189092,180.0,top
D132,195.659374,-182.189092,180.0,top
D133,214.709374,-182.189092,180.0,top
D134,233.759374,-182.189092,180.0,top
D135,252.809374,-182.189092,180.0,top
D136,271.859374,-182.189092,180.0,top
D137,290.909374,-182.189092,180.0,top
D138,321.865624,-182.189092,180.0,top
D139,352.821874,-182.189092,180.0,top
D14,362.346875,-114.45875,90.0,bottom
D140,78.978124,-201.239092,180.0,top
D141,109.934374,-201.239092,180.0,top
D142,128.984374,-201.239092,180.0,top
D143,148.034374,-201.239092,180.0,top
D144,167.084374,-201.239092,180.0,top
D145,186.134374,-201.239092,180.0,top
D146,205.184374,-201.239092,180.0,top
D147,224.234374,-201.239092,180.0,top
D148,243.284374,-201.239092,180.0,top
D149,262.334374,-201.239092,180.0,top
D15,76.596875,-138.27125,90.0,bottom
D150,281.384374,-201.239092,180.0,top
D151,307.578124,-201.239092,180.0,top
D152,333.771874,-201.239092,180.0,top
D153,352.821874,-201.239092,180.0,top
D154,69.453124,-220.289092,180.0,top
D155,93.265624,-220.289092,180.0,top
D156,117.078124,-220.289092,180.0,top
D157,188.515624,-220.289092,180.0,top
D158,259.953124,-220.289092,180.0,top
D159,283.765624,-220.289092,180.0,top
D16,95.646875,-138.27125,90.0,bottom
D160,314.721874,-220.289092,180.0,top
D161,333.771874,-220.289092,180.0,top
D162,352.821874,-220.289092,180.0,top
D163,62.309374,-91.701592,180.0,top
D164,74.215624,-91.701592,180.0,top
D165,86.121874,-91.701592,180.0,top
D166,98.028124,-91.701592,180.0,top
D167,109.934374,-91.701592,180.0,top
D168,121.840624,-91.701592,180.0,top
D169,133.746874,-91.701592,180.0,top
D17,114.696875,-138.27125,90.0,bottom
D170,145.653124,-91.701592,180.0,top
D171,157.559374,-91.701592,180.0,top
D172,290.690625,-91.701592,180.0,top
D18,133.746875,-138.27125,90.0,bottom
D19,152.796875,-138.27125,90.0,bottom
D2,105.171875,-114.45875,90.0,bottom
D20,171.846875,-138.27125,90.0,bottom
D21,190.896875,-138.27125,90.0,bottom
D22,209.946875,-138.27125,90.0,bottom
D23,228.996875,-138.27125,90.0,bottom
D24,248.046875,-138.27125,90.0,bottom
D25,267.096875,-138.27125,90.0,bottom
D26,286.146875,-138.27125,90.0,bottom
D27,305.196875,-138.27125,90.0,bottom
D28,343.296875,-138.27125,90.0,bottom
D29,362.346875,-138.27125,90.0,bottom
D3,124.221875,-114.45875,90.0,bottom
D30,81.359375,-157.32125,90.0,bottom
D31,105.171875,-157.32125,90.0,bottom
D32,124.221875,-157.32125,90.0,bottom
D33,143.271875,-157.32125,90.0,bottom
D34,162.321875,-157.32125,90.0,bottom
D35,181.371875,-157.32125,90.0,bottom
D36,200.421875,-157.32125,90.0,bottom
D37,219.471875,-157.32125,90.0,bottom
D38,238.521875,-157.32125,90.0,bottom
D39,257.571875,-157.32125,90.0,bottom
D4,143.271875,-114.45875,90.0,bottom
D40,276.621875,-157.32125,90.0,bottom
D41,295.671875,-157.32125,90.0,bottom
D42,314.721875,-157.32125,90.0,bottom
D43,338.534375,-157.32125,90.0,bottom
D44,362.346875,-157.32125,90.0,bottom
D45,83.740625,-176.37125,90.0,bottom
D46,109.934375,-176.37125,90.0,bottom
D47,128.984375,-176.37125,90.0,bottom
D48,148.034375,-176.37125,90.0,bottom
D49,167.084375,-176.37125,90.0,bottom
D5,162.321875,-114.45875,90.0,bottom
D50,186.134375,-176.37125,90.0,bottom
D51,205.184375,-176.37125,90.0,bottom
D52,224.234375,-176.37125,90.0,bottom
D53,243.284375,-176.37125,90.0,bottom
D54,262.334375,-176.37125,90.0,bottom
D55,281.384375,-176.37125,90.0,bottom
D56,300.434375,-176.37125,90.0,bottom
D57,343.296875,-176.37125,90.0,bottom
D58,362.346875,-176.37125,90.0,bottom
D59,100.409375,-195.42125,90.0,bottom
D6,190.896875,-114.45875,90.0,bottom
D60,119.459375,-195.42125,90.0,bottom
D61,138.509375,-195.42125,90.0,bottom
D62,157.559375,-195.42125,90.0,bottom
D63,176.609375,-195.42125,90.0,bottom
D64,195.659375,-195.42125,90.0,bottom
D65,214.709375,-195.42125,90.0,bottom
D66,233.759375,-195.42125,90.0,bottom
D67,252.809375,-195.42125,90.0,bottom
D68,271.859375,-195.42125,90.0,bottom
D69,290.909375,-195.42125,90.0,bottom
D7,209.946875,-114.45875,90.0,bottom
D70,317.103125,-195.42125,90.0,bottom
D71,343.471875,-195.42125,90.0,bottom
D72,362.346875,-195.42125,90.0,bottom
D73,78.978125,-214.47125,90.0,bottom
D74,102.790625,-214.47125,90.0,bottom
D75,126.603125,-214.47125,90.0,bottom
D76,198.040625,-214.47125,90.0,bottom
D77,269.478125,-214.47125,90.0,bottom
D78,293.290625,-214.47125,90.0,bottom
D79,324.246875,-214.47125,90.0,bottom
D8,228.996875,-114.45875,90.0,bottom
D80,343.296875,-214.47125,90.0,bottom
D81,362.346875,-214.47125,90.0,bottom
D82,67.071874,-120.276592,180.0,top
D83,95.646874,-120.276592,180.0,top
D84,114.696874,-120.276592,180.0,top
D85,133.746874,-120.276592,180.0,top
D86,152.796874,-120.276592,180.0,top
D87,181.371874,-120.276592,180.0,top
D88,200.421874,-120.276592,180.0,top
D89,219.471874,-120.276592,180.0,top
D9,248.046875,-114.45875,90.0,bottom
D90,238.521874,-120.276592,180.0,top
D91,267.096874,-120.276592,180.0,top
D92,286.146874,-120.276592,180.0,top
D93,305.196874,-120.276592,180.0,top
D94,324.246874,-120.276592,180.0,top
D95,352.821874,-120.276592,180.0,top
D96,67.071874,-144.089092,180.0,top
D97,86.121874,-144.089092,180.0,top
D98,105.171874,-144.089092,180.0,top
D99,124.221874,-144.089092,180.0,top
H1,62.309375,-82.07375,0.0,top
H2,155.178125,-82.07375,0.0,top
H3,340.915625,-82.07375,0.0,top
H4,64.690625,-229.71125,0.0,top
H5,59.928125,-174.9425,0.0,top
H6,300.434375,-213.0425,0.0,top
H7,200.421875,-229.71125,0.0,top
H8,355.203125,-229.71125,0.0,top
J1,324.628125,-92.48,90.0,top
R1,259.953125,-84.455,180.0,bottom
R2,336.153125,-96.36125,0.0,top
R3,336.153125,-93.98,0.0,top
R4,57.546875,-120.17375,0.0,top
S1,324.246875,-140.0937,0.0,top
S2,321.865625,-178.1937,0.0,top
S3,78.978125,-197.2437,0.0,top
S4,188.515625,-216.2937,0.0,top
SW1,67.071875,-113.2932,0.0,top
SW10,267.096875,-113.2932,0.0,top
SW11,286.146875,-113.2932,0.0,top
SW12,305.196875,-113.2932,0.0,top
SW13,324.246875,-113.2932,0.0,top
SW14,352.821875,-113.2932,0.0,top
SW15,67.071875,-137.1057,0.0,top
SW16,86.121875,-137.1057,0.0,top
SW17,105.171875,-137.1057,0.0,top
SW18,124.221875,-137.1057,0.0,top
SW19,143.271875,-137.1057,0.0,top
SW2,95.646875,-113.2932,0.0,top
SW20,162.321875,-137.1057,0.0,top
SW21,181.371875,-137.1057,0.0,top
SW22,200.421875,-137.1057,0.0,top
SW23,219.471875,-137.1057,0.0,top
SW24,238.521875,-137.1057,0.0,top
SW25,257.571875,-137.1057,0.0,top
SW26,276.621875,-137.1057,0.0,top
SW27,295.671875,-137.1057,0.0,top
SW28,324.246875,-137.1057,0.0,top
SW29,352.821875,-137.1057,0.0,top
SW3,114.696875,-113.2932,0.0,top
SW30,71.834375,-156.1557,0.0,top
SW31,95.646875,-156.1557,0.0,top
SW32,114.696875,-156.1557,0.0,top
SW33,133.746875,-156.1557,0.0,top
SW34,152.796875,-156.1557,0.0,top
SW35,171.846875,-156.1557,0.0,top
SW36,190.896875,-156.1557,0.0,top
SW37,209.946875,-156.1557,0.0,top
SW38,228.996875,-156.1557,0.0,top
SW39,248.046875,-156.1557,0.0,top
SW4,133.746875,-113.2932,0.0,top
SW40,267.096875,-156.1557,0.0,top
SW41,286.146875,-156.1557,0.0,top
SW42,305.196875,-156.1557,0.0,top
SW43,329.009375,-156.1557,0.0,top
SW44,352.821875,-156.1557,0.0,top
SW45,74.215625,-175.2057,0.0,top
SW46,100.409375,-175.2057,0.0,top
SW47,119.459375,-175.2057,0.0,top
SW48,138.509375,-175.2057,0.0,top
SW49,157.559375,-175.2057,0.0,top
SW5,152.796875,-113.2932,0.0,top
SW50,176.609375,-175.2057,0.0,top
SW51,195.659375,-175.2057,0.0,top
SW52,214.709375,-175.2057,0.0,top
SW53,233.759375,-175.2057,0.0,top
SW54,252.809375,-175.2057,0.0,top
SW55,271.859375,-175.2057,0.0,top
SW56,290.909375,-175.2057,0.0,top
SW57,321.865625,-175.2057,0.0,top
SW58,352.821875,-175.2057,0.0,top
SW59,78.978125,-194.2557,0.0,top
SW6,181.371875,-113.2932,0.0,top
SW60,109.934375,-194.2557,0.0,top
SW61,128.984375,-194.2557,0.0,top
SW62,148.034375,-194.2557,0.0,top
SW63,167.084375,-194.2557,0.0,top
SW64,186.134375,-194.2557,0.0,top
SW65,205.184375,-194.2557,0.0,top
SW66,224.234375,-194.2557,0.0,top
SW67,243.284375,-194.2557,0.0,top
SW68,262.334375,-194.2557,0.0,top
SW69,281.384375,-194.2557,0.0,top
SW7,200.421875,-113.2932,0.0,top
SW70,307.578125,-194.2557,0.0,top
SW71,333.771875,-194.2557,0.0,top
SW72,352.821875,-194.2557,0.0,top
SW73,69.453125,-213.3057,0.0,top
SW74,93.265625,-213.3057,0.0,top
SW75,117.078125,-213.3057,0.0,top
SW76,188.515625,-213.3057,0.0,top
SW77,259.953125,-213.3057,0.0,top
SW78,283.765625,-213.3057,0.0,top
SW79,314.721875,-213.3057,0.0,top
SW8,219.471875,-113.2932,0.0,top
SW80,333.771875,-213.3057,0.0,top
SW81,352.821875,-213.3057,0.0,top
SW82,352.821875,-91.84875,0.0,top
SW9,238.521875,-113.2932,0.0,top
U1,266.461875,-90.17,90.0,bottom
